baseId,servedAtCapture,mapStatus,namedSpans,exactOriginalSourceByteMatch,savedChartCount,byteMatchedScore,allBaseHarmonyEvaluated,rawMidiParseError,unresolved
1-step-forward-3-steps-back-olivia-rodrigo,True,estimate-only-unresolved,0,True,2,False,True,,No substantiated map: base remains estimate-only. | Ordered harmony studied; candidate correspondence and independent landmarks not established.
30-seconds-2-mars-bright-lights,True,estimate-only-unresolved,0,True,0,False,False,,No substantiated map: base remains estimate-only.
30-seconds-2-mars-city-of-angels,True,estimate-only-unresolved,0,True,0,False,False,,No substantiated map: base remains estimate-only.
30-seconds-to-mars-this-is-war,True,estimate-only-unresolved,0,True,0,False,False,,No substantiated map: base remains estimate-only.
5sos-heartbreak-girl,True,estimate-only-unresolved,0,True,0,False,False,,No substantiated map: base remains estimate-only.
a-adam-giselle-pas-de-deux-1er-acte,True,estimate-only-unresolved,0,True,0,True,False,,"No substantiated map: base remains estimate-only. | Byte-matched score acquired, but no verified internal form map established."
a-adam-minuit-chretiens,True,estimate-only-unresolved,0,True,0,True,False,,"No substantiated map: base remains estimate-only. | Byte-matched score acquired, but no verified internal form map established."
a-diabelli-28-melodische-ubungsstucke-no-1,True,estimate-only-unresolved,0,True,0,True,False,,"No substantiated map: base remains estimate-only. | Byte-matched score acquired, but no verified internal form map established."
a-diabelli-28-melodische-ubungsstucke-no-2,True,estimate-only-unresolved,0,True,0,True,False,,"No substantiated map: base remains estimate-only. | Byte-matched score acquired, but no verified internal form map established."
a-diabelli-28-melodische-ubungsstucke-no-3,True,estimate-only-unresolved,0,True,0,True,False,,"No substantiated map: base remains estimate-only. | Byte-matched score acquired, but no verified internal form map established."
a-diabelli-28-melodische-ubungsstucke-no-4,True,estimate-only-unresolved,0,True,0,True,False,,"No substantiated map: base remains estimate-only. | Byte-matched score acquired, but no verified internal form map established."
a-diabelli-28-melodische-ubungsstucke-no-5,True,estimate-only-unresolved,0,True,0,True,False,,"No substantiated map: base remains estimate-only. | Byte-matched score acquired, but no verified internal form map established."
a-diabelli-28-melodische-ubungsstucke-no-8,True,estimate-only-unresolved,0,True,0,True,False,,"No substantiated map: base remains estimate-only. | Byte-matched score acquired, but no verified internal form map established."
a-dvorak-als-die-alte-mutter,True,estimate-only-unresolved,0,True,0,True,False,,"No substantiated map: base remains estimate-only. | Byte-matched score acquired, but no verified internal form map established."
a-glazunov-reverie,True,estimate-only-unresolved,0,True,0,True,False,,"No substantiated map: base remains estimate-only. | Byte-matched score acquired, but no verified internal form map established."
a-thousand-miles,True,estimate-only-unresolved,0,True,2,False,True,,No substantiated map: base remains estimate-only. | Ordered harmony studied; candidate correspondence and independent landmarks not established.
a-thousand-years,True,estimate-only-unresolved,0,True,2,False,True,,No substantiated map: base remains estimate-only. | Ordered harmony studied; candidate correspondence and independent landmarks not established.
a-whole-new-world-aladdin,True,estimate-only-unresolved,0,True,0,False,False,,No substantiated map: base remains estimate-only.
abba-lay-all-your-love-on-me,False,mapped-partial,6,True,2,False,False,,Only part of numeric extent is named; unresolved intervals remain estimated.
abba-the-winner-takes-it-all,True,estimate-only-unresolved,0,True,1,False,True,,No substantiated map: base remains estimate-only. | Ordered harmony studied; candidate correspondence and independent landmarks not established.
adele-hello,True,estimate-only-unresolved,0,True,2,False,True,,No substantiated map: base remains estimate-only. | Ordered harmony studied; candidate correspondence and independent landmarks not established.
adele-set-fire-to-the-rain,True,estimate-only-unresolved,0,True,2,False,True,,No substantiated map: base remains estimate-only. | Ordered harmony studied; candidate correspondence and independent landmarks not established.
adele-skyfall,True,estimate-only-unresolved,0,True,1,False,True,,No substantiated map: base remains estimate-only. | Ordered harmony studied; candidate correspondence and independent landmarks not established.
aerosmith-i-dont-want-to-miss-a-thing,True,estimate-only-unresolved,0,True,1,False,True,,No substantiated map: base remains estimate-only. | Ordered harmony studied; candidate correspondence and independent landmarks not established.
alan-walker-alone,True,estimate-only-unresolved,0,True,2,False,True,,No substantiated map: base remains estimate-only. | Ordered harmony studied; candidate correspondence and independent landmarks not established.
alan-walker-diamond-heart,True,estimate-only-unresolved,0,True,2,False,True,,No substantiated map: base remains estimate-only. | Ordered harmony studied; candidate correspondence and independent landmarks not established.
alan-walker-faded,True,estimate-only-unresolved,0,True,2,False,True,,No substantiated map: base remains estimate-only. | Ordered harmony studied; candidate correspondence and independent landmarks not established.
alan-walker-k-391-ignite-midi,True,estimate-only-unresolved,0,True,1,False,True,,No substantiated map: base remains estimate-only. | Ordered harmony studied; candidate correspondence and independent landmarks not established.
anonymous-la-native,True,estimate-only-unresolved,0,True,0,True,False,,"No substantiated map: base remains estimate-only. | Byte-matched score acquired, but no verified internal form map established."
anonymous-les-graces,True,estimate-only-unresolved,0,True,0,True,False,,"No substantiated map: base remains estimate-only. | Byte-matched score acquired, but no verified internal form map established."
another-love-tom-odell,True,estimate-only-unresolved,0,True,2,False,True,,No substantiated map: base remains estimate-only. | Ordered harmony studied; candidate correspondence and independent landmarks not established.
aria-ellys-music-the-warning-hell-you-call-a-dream-piano-cover-by-aria-ellys-mslzwo1d,True,estimate-only-unresolved,0,False,1,False,True,,No substantiated map: base remains estimate-only. | No exact original-source byte match found in inspected retained source/audio paths. | Ordered harmony studied; candidate correspondence and independent landmarks not established.
arian-kermanchi-just-tonight-the-pretty-reckless-piano-cover-video-msm04s3z,True,estimate-only-unresolved,0,False,2,False,True,,No substantiated map: base remains estimate-only. | No exact original-source byte match found in inspected retained source/audio paths. | Ordered harmony studied; candidate correspondence and independent landmarks not established.
as-time-goes-by,True,estimate-only-unresolved,0,True,0,False,False,,No substantiated map: base remains estimate-only.
atlantic-lights-the-greatest-showman-never-enough-loren-allred-piano-cover-msm021rx,True,estimate-only-unresolved,0,False,2,False,True,,No substantiated map: base remains estimate-only. | No exact original-source byte match found in inspected retained source/audio paths. | Ordered harmony studied; candidate correspondence and independent landmarks not established.
avenged-sevenfold-afterlife,True,mapped-partial,16,True,2,False,False,,Only part of numeric extent is named; unresolved intervals remain estimated.
avenged-sevenfold-so-far-away,True,estimate-only-unresolved,0,True,2,False,True,,No substantiated map: base remains estimate-only. | Ordered harmony studied; candidate correspondence and independent landmarks not established.
avicii-wake-me-up,True,estimate-only-unresolved,0,True,2,False,True,,No substantiated map: base remains estimate-only. | Ordered harmony studied; candidate correspondence and independent landmarks not established.
b-bartok-romanian-folk-dance-no-2-peasant-costume,True,estimate-only-unresolved,0,True,0,True,False,,"No substantiated map: base remains estimate-only. | Byte-matched score acquired, but no verified internal form map established."
bad-romance-midi,True,estimate-only-unresolved,0,True,0,False,False,,No substantiated map: base remains estimate-only.
beatles-hey-jude,True,estimate-only-unresolved,0,True,2,False,True,,No substantiated map: base remains estimate-only. | Ordered harmony studied; candidate correspondence and independent landmarks not established.
beethoven-moonlight-sonata,True,estimate-only-unresolved,0,True,0,False,False,,No substantiated map: base remains estimate-only.
beethoven-symphony-no7,True,estimate-only-unresolved,0,True,0,False,False,,No substantiated map: base remains estimate-only.
beethoven80-brandi-carlile-the-story-piano-msm001p8,True,estimate-only-unresolved,0,False,2,False,True,,No substantiated map: base remains estimate-only. | No exact original-source byte match found in inspected retained source/audio paths. | Ordered harmony studied; candidate correspondence and independent landmarks not established.
beginner-piano-tutorial-easy-piano-jumbo-songbook-pay-me-my-money-down-mslzx940,True,estimate-only-unresolved,0,False,0,False,False,,No substantiated map: base remains estimate-only. | No exact original-source byte match found in inspected retained source/audio paths.
beliver,True,estimate-only-unresolved,0,True,0,False,False,,No substantiated map: base remains estimate-only.
bella-napoli-roy-bianco-die-abbrunzati-boys,True,estimate-only-unresolved,0,True,1,False,True,,No substantiated map: base remains estimate-only. | Ordered harmony studied; candidate correspondence and independent landmarks not established.
bert-s-suggests-the-drug-in-me-is-reimagined-piano-cover-from-bert-s-suggest-msm04jfl,True,estimate-only-unresolved,0,False,0,False,False,,No substantiated map: base remains estimate-only. | No exact original-source byte match found in inspected retained source/audio paths.
billie-eilish-bury-a-friend,True,estimate-only-unresolved,0,True,2,False,True,,No substantiated map: base remains estimate-only. | Ordered harmony studied; candidate correspondence and independent landmarks not established.
billie-eilish-khalid-lovely,True,estimate-only-unresolved,0,True,2,False,True,,No substantiated map: base remains estimate-only. | Ordered harmony studied; candidate correspondence and independent landmarks not established.
billy-joel-piano-man,True,estimate-only-unresolved,0,True,2,False,True,,No substantiated map: base remains estimate-only. | Ordered harmony studied; candidate correspondence and independent landmarks not established.
blink-182-all-the-small-things-midi,True,estimate-only-unresolved,0,True,2,False,True,,No substantiated map: base remains estimate-only. | Ordered harmony studied; candidate correspondence and independent landmarks not established.
bon-jovi-always,True,estimate-only-unresolved,0,True,2,False,True,,No substantiated map: base remains estimate-only. | Ordered harmony studied; candidate correspondence and independent landmarks not established.
bon-jovi-bed-of-roses,True,estimate-only-unresolved,0,True,2,False,True,,No substantiated map: base remains estimate-only. | Ordered harmony studied; candidate correspondence and independent landmarks not established.
bonnie-tyler-total-eclipse-of-the-heart,True,mapped-partial,1,True,2,False,False,,Only part of numeric extent is named; unresolved intervals remain estimated.
brahms-opus1-3-format0,True,estimate-only-unresolved,0,True,0,False,False,,No substantiated map: base remains estimate-only.
break-free-ariana-grande-feat-zedd-arr-by-fonzi-m,True,estimate-only-unresolved,0,True,2,False,True,,No substantiated map: base remains estimate-only. | Ordered harmony studied; candidate correspondence and independent landmarks not established.
britney-spears-oops-i-did-it-again,True,mapped-partial,12,True,2,False,False,,Only part of numeric extent is named; unresolved intervals remain estimated.
bruno-mars-when-i-was-your-man,True,estimate-only-unresolved,0,True,2,False,True,,No substantiated map: base remains estimate-only. | Ordered harmony studied; candidate correspondence and independent landmarks not established.
bryan-adams-heaven,True,estimate-only-unresolved,0,True,2,False,True,,No substantiated map: base remains estimate-only. | Ordered harmony studied; candidate correspondence and independent landmarks not established.
bts-i-need-u-suga-piano-full-solo,True,estimate-only-unresolved,0,True,2,False,True,,No substantiated map: base remains estimate-only. | Ordered harmony studied; candidate correspondence and independent landmarks not established.
c-czerny-50-melodische-ubungsstucke-no-1,True,estimate-only-unresolved,0,True,0,True,False,,"No substantiated map: base remains estimate-only. | Byte-matched score acquired, but no verified internal form map established."
c-czerny-50-melodische-ubungsstucke-no-2,True,estimate-only-unresolved,0,True,0,True,False,,"No substantiated map: base remains estimate-only. | Byte-matched score acquired, but no verified internal form map established."
c-czerny-50-melodische-ubungsstucke-no-3,True,estimate-only-unresolved,0,True,0,True,False,,"No substantiated map: base remains estimate-only. | Byte-matched score acquired, but no verified internal form map established."
c-czerny-50-melodische-ubungsstucke-no-4,True,estimate-only-unresolved,0,True,0,True,False,,"No substantiated map: base remains estimate-only. | Byte-matched score acquired, but no verified internal form map established."
c-czerny-50-melodische-ubungsstucke-no-5,True,estimate-only-unresolved,0,True,0,True,False,,"No substantiated map: base remains estimate-only. | Byte-matched score acquired, but no verified internal form map established."
c-czerny-50-melodische-ubungsstucke-no-6,True,estimate-only-unresolved,0,True,0,True,False,,"No substantiated map: base remains estimate-only. | Byte-matched score acquired, but no verified internal form map established."
c-debussy-deuxieme-arabesque,True,estimate-only-unresolved,0,True,0,True,False,,"No substantiated map: base remains estimate-only. | Byte-matched score acquired, but no verified internal form map established."
c-debussy-prelude-4-les-sons-et-les-parfums-tournent-dans-l-,True,estimate-only-unresolved,0,True,0,True,False,,"No substantiated map: base remains estimate-only. | Byte-matched score acquired, but no verified internal form map established."
c-debussy-premiere-arabesque,True,estimate-only-unresolved,0,True,0,True,False,,"No substantiated map: base remains estimate-only. | Byte-matched score acquired, but no verified internal form map established."
c-debussy-suite-bergamasque-clair-de-lune,True,estimate-only-unresolved,0,True,0,True,False,,"No substantiated map: base remains estimate-only. | Byte-matched score acquired, but no verified internal form map established."
c-gounod-ave-maria-meditation-on-the-first-prelude-in-c-by-j,True,estimate-only-unresolved,0,True,0,True,False,,"No substantiated map: base remains estimate-only. | Byte-matched score acquired, but no verified internal form map established."
c-j-brown-ebb-and-flow,True,estimate-only-unresolved,0,True,0,True,False,,"No substantiated map: base remains estimate-only. | Byte-matched score acquired, but no verified internal form map established."
c-j-brown-september-song,True,estimate-only-unresolved,0,True,0,True,False,,"No substantiated map: base remains estimate-only. | Byte-matched score acquired, but no verified internal form map established."
c-j-brown-toccatina,True,estimate-only-unresolved,0,True,0,True,False,,"No substantiated map: base remains estimate-only. | Byte-matched score acquired, but no verified internal form map established."
c-p-e-bach-rondo-in-e-flat-major,True,estimate-only-unresolved,0,True,0,True,False,,"No substantiated map: base remains estimate-only. | Byte-matched score acquired, but no verified internal form map established."
c-v-alkan-prelude,True,estimate-only-unresolved,0,True,0,True,False,,"No substantiated map: base remains estimate-only. | Byte-matched score acquired, but no verified internal form map established."
c-v-alkan-prelude-nr-2,True,estimate-only-unresolved,0,True,0,True,False,,"No substantiated map: base remains estimate-only. | Byte-matched score acquired, but no verified internal form map established."
c-v-alkan-toccatina,True,estimate-only-unresolved,0,True,0,True,False,,"No substantiated map: base remains estimate-only. | Byte-matched score acquired, but no verified internal form map established."
c-w-glover-do-they-think-of-me-at-home,True,estimate-only-unresolved,0,True,0,True,False,,"No substantiated map: base remains estimate-only. | Byte-matched score acquired, but no verified internal form map established."
call-me-maybe-carly-rae-jepsen,True,estimate-only-unresolved,0,True,2,False,True,,No substantiated map: base remains estimate-only. | Ordered harmony studied; candidate correspondence and independent landmarks not established.
calum-scott-you-are-the-reason,True,estimate-only-unresolved,0,True,2,False,True,,No substantiated map: base remains estimate-only. | Ordered harmony studied; candidate correspondence and independent landmarks not established.
capital-cities-safe-and-sound,True,estimate-only-unresolved,0,True,2,False,True,,No substantiated map: base remains estimate-only. | Ordered harmony studied; candidate correspondence and independent landmarks not established.
cher-lloyd-ft-becky-b-oath,True,estimate-only-unresolved,0,True,2,False,True,,No substantiated map: base remains estimate-only. | Ordered harmony studied; candidate correspondence and independent landmarks not established.
children,True,estimate-only-unresolved,0,True,0,False,False,,No substantiated map: base remains estimate-only.
chord-overstreet-hold-on,True,estimate-only-unresolved,0,True,2,False,True,,No substantiated map: base remains estimate-only. | Ordered harmony studied; candidate correspondence and independent landmarks not established.
christina-perri-human,True,estimate-only-unresolved,0,True,2,False,True,,No substantiated map: base remains estimate-only. | Ordered harmony studied; candidate correspondence and independent landmarks not established.
christina-perri-jar-of-hearts,True,estimate-only-unresolved,0,True,2,False,True,,No substantiated map: base remains estimate-only. | Ordered harmony studied; candidate correspondence and independent landmarks not established.
claribel-c-a-barnard-18301869-i-cannot-sing-the-old-songs,True,mapped-partial,1,True,0,True,False,,Only part of numeric extent is named; unresolved intervals remain estimated.
colbie-caillat-try,True,estimate-only-unresolved,0,True,2,False,True,,No substantiated map: base remains estimate-only. | Ordered harmony studied; candidate correspondence and independent landmarks not established.
coldplay-a-sky-full-of-stars,True,estimate-only-unresolved,0,True,2,False,True,,No substantiated map: base remains estimate-only. | Ordered harmony studied; candidate correspondence and independent landmarks not established.
coldplay-atlas,True,estimate-only-unresolved,0,True,2,False,True,,No substantiated map: base remains estimate-only. | Ordered harmony studied; candidate correspondence and independent landmarks not established.
coldplay-clocks,True,estimate-only-unresolved,0,True,2,False,True,,No substantiated map: base remains estimate-only. | Ordered harmony studied; candidate correspondence and independent landmarks not established.
coldplay-every-teardrop-is-a-waterfall,True,estimate-only-unresolved,0,True,2,False,True,,No substantiated map: base remains estimate-only. | Ordered harmony studied; candidate correspondence and independent landmarks not established.
coldplay-the-scientist,True,estimate-only-unresolved,0,True,2,False,True,,No substantiated map: base remains estimate-only. | Ordered harmony studied; candidate correspondence and independent landmarks not established.
creedence-clearwater-revival-have-you-ever-seen-the-rain,True,estimate-only-unresolved,0,True,1,False,True,,No substantiated map: base remains estimate-only. | Ordered harmony studied; candidate correspondence and independent landmarks not established.
d-d-emmett-oh-boatman-haste,True,mapped-partial,6,True,0,True,False,,Only part of numeric extent is named; unresolved intervals remain estimated.
dadebrayant-avenged-sevenfold-dear-god-piano-cover-msm014zo,True,estimate-only-unresolved,0,True,2,False,True,,No substantiated map: base remains estimate-only. | Ordered harmony studied; candidate correspondence and independent landmarks not established.
dadebrayant-nothing-more-just-say-when-piano-cover-msm01g4z,True,estimate-only-unresolved,0,False,1,False,True,,No substantiated map: base remains estimate-only. | No exact original-source byte match found in inspected retained source/audio paths. | Ordered harmony studied; candidate correspondence and independent landmarks not established.
david-guetta-ft-sia-she-wolf,True,estimate-only-unresolved,0,True,0,False,False,,No substantiated map: base remains estimate-only.
davy-jones,True,estimate-only-unresolved,0,True,0,False,False,,No substantiated map: base remains estimate-only.
deadmau5-strobe,True,estimate-only-unresolved,0,True,0,False,False,,No substantiated map: base remains estimate-only.
deja-vu-olivia-rodrigo,True,estimate-only-unresolved,0,True,2,False,True,,No substantiated map: base remains estimate-only. | Ordered harmony studied; candidate correspondence and independent landmarks not established.
demi-lovato-heart-attack,True,estimate-only-unresolved,0,True,2,False,True,,No substantiated map: base remains estimate-only. | Ordered harmony studied; candidate correspondence and independent landmarks not established.
demi-lovato-made-in-the-usa,True,estimate-only-unresolved,0,True,2,False,True,,No substantiated map: base remains estimate-only. | Ordered harmony studied; candidate correspondence and independent landmarks not established.
demons,True,estimate-only-unresolved,0,True,2,False,True,,No substantiated map: base remains estimate-only. | Ordered harmony studied; candidate correspondence and independent landmarks not established.
despacito-piano-sheet-music-luis-fonsi-ft-daddy-yankee,True,estimate-only-unresolved,0,True,2,False,True,,No substantiated map: base remains estimate-only. | Ordered harmony studied; candidate correspondence and independent landmarks not established.
dorelia-bast-sabaton-en-livstid-i-krig-a-lifetime-of-war-piano-cover-mslzy9fm,True,estimate-only-unresolved,0,False,0,False,False,,No substantiated map: base remains estimate-only. | No exact original-source byte match found in inspected retained source/audio paths.
e-grieg-albumblatt-in-e-minor,True,estimate-only-unresolved,0,True,0,True,False,,"No substantiated map: base remains estimate-only. | Byte-matched score acquired, but no verified internal form map established."
e-grieg-ases-tod,True,estimate-only-unresolved,0,True,0,True,False,,"No substantiated map: base remains estimate-only. | Byte-matched score acquired, but no verified internal form map established."
e-grieg-hjemkomst,True,estimate-only-unresolved,0,True,0,True,False,,"No substantiated map: base remains estimate-only. | Byte-matched score acquired, but no verified internal form map established."
e-grieg-ich-liebe-dich,True,mapped-partial,1,True,0,True,False,,Only part of numeric extent is named; unresolved intervals remain estimated.
e-grieg-in-the-hall-of-the-mountain-king,True,estimate-only-unresolved,0,True,0,True,False,,"No substantiated map: base remains estimate-only. | Byte-matched score acquired, but no verified internal form map established."
e-grieg-troldtog-march-of-the-dwarfs,True,estimate-only-unresolved,0,True,0,True,False,,"No substantiated map: base remains estimate-only. | Byte-matched score acquired, but no verified internal form map established."
ed-sheeran-autumn-leaves,True,estimate-only-unresolved,0,True,2,False,True,,No substantiated map: base remains estimate-only. | Ordered harmony studied; candidate correspondence and independent landmarks not established.
ed-sheeran-happier,True,estimate-only-unresolved,0,True,2,False,True,,No substantiated map: base remains estimate-only. | Ordered harmony studied; candidate correspondence and independent landmarks not established.
ed-sheeran-lego-house,True,estimate-only-unresolved,0,True,2,False,True,,No substantiated map: base remains estimate-only. | Ordered harmony studied; candidate correspondence and independent landmarks not established.
ed-sheeran-perfect-piano-arrangement,True,estimate-only-unresolved,0,True,2,False,True,,No substantiated map: base remains estimate-only. | Ordered harmony studied; candidate correspondence and independent landmarks not established.
ed-sheeran-the-a-team,True,estimate-only-unresolved,0,True,2,False,True,,No substantiated map: base remains estimate-only. | Ordered harmony studied; candidate correspondence and independent landmarks not established.
ed-sheeran-you-need-me-i-don-t-need-you,True,estimate-only-unresolved,0,True,0,False,False,,No substantiated map: base remains estimate-only.
elton-john-circle-of-life,True,mapped-partial,1,True,2,False,True,,Only part of numeric extent is named; unresolved intervals remain estimated.
eminem-rap-god,True,estimate-only-unresolved,0,True,1,False,True,,No substantiated map: base remains estimate-only. | Ordered harmony studied; candidate correspondence and independent landmarks not established.
ennio-morricone-chi-mai,True,estimate-only-unresolved,0,True,1,False,True,,No substantiated map: base remains estimate-only. | Ordered harmony studied; candidate correspondence and independent landmarks not established.
enya-only-time,True,estimate-only-unresolved,0,True,2,False,True,,No substantiated map: base remains estimate-only. | Ordered harmony studied; candidate correspondence and independent landmarks not established.
eric-clapton-tears-in-heaven,True,estimate-only-unresolved,0,True,2,False,True,,No substantiated map: base remains estimate-only. | Ordered harmony studied; candidate correspondence and independent landmarks not established.
euphemia-allen-chopsticks,True,estimate-only-unresolved,0,True,0,False,False,,No substantiated map: base remains estimate-only.
evanescence-lithium,True,estimate-only-unresolved,0,True,2,False,True,,No substantiated map: base remains estimate-only. | Ordered harmony studied; candidate correspondence and independent landmarks not established.
everybody-talks,True,estimate-only-unresolved,0,True,2,False,True,,No substantiated map: base remains estimate-only. | Ordered harmony studied; candidate correspondence and independent landmarks not established.
f-abt-vocalise-o-1,True,estimate-only-unresolved,0,True,0,True,False,,"No substantiated map: base remains estimate-only. | Byte-matched score acquired, but no verified internal form map established."
f-abt-when-the-swallows-homeward-fly-agathe,True,mapped-partial,1,True,0,True,False,,Only part of numeric extent is named; unresolved intervals remain estimated.
f-behr-in-may,True,estimate-only-unresolved,0,True,0,True,False,,"No substantiated map: base remains estimate-only. | Byte-matched score acquired, but no verified internal form map established."
f-f-chopin-etude-a-moll,True,estimate-only-unresolved,0,True,0,True,False,,"No substantiated map: base remains estimate-only. | Byte-matched score acquired, but no verified internal form map established."
f-f-chopin-mazurka-op-6-no-1,True,estimate-only-unresolved,0,True,0,True,False,,"No substantiated map: base remains estimate-only. | Byte-matched score acquired, but no verified internal form map established."
f-f-chopin-nocturne,True,mapped-partial,1,True,0,True,False,,Only part of numeric extent is named; unresolved intervals remain estimated.
f-f-chopin-nocturne-no-1-in-b-flat-minor,True,estimate-only-unresolved,0,True,0,True,False,,"No substantiated map: base remains estimate-only. | Byte-matched score acquired, but no verified internal form map established."
f-f-chopin-nocturne-no-3,True,estimate-only-unresolved,0,True,0,True,False,,"No substantiated map: base remains estimate-only. | Byte-matched score acquired, but no verified internal form map established."
f-f-chopin-trois-nouvelles-etudes-no-1-f-minor,True,estimate-only-unresolved,0,True,0,True,False,,"No substantiated map: base remains estimate-only. | Byte-matched score acquired, but no verified internal form map established."
f-j-haydn-sonate-i-i-allegro-con-brio,True,estimate-only-unresolved,0,True,0,True,False,,"No substantiated map: base remains estimate-only. | Byte-matched score acquired, but no verified internal form map established."
f-j-haydn-sonate-i-ii-menuetto,True,mapped-numeric-extent,2,True,0,True,False,,
fall-for-you-second-hand-serenade,True,estimate-only-unresolved,0,True,2,False,True,,No substantiated map: base remains estimate-only. | Ordered harmony studied; candidate correspondence and independent landmarks not established.
fallen-down-reprise-undertale,True,estimate-only-unresolved,0,True,0,False,False,,No substantiated map: base remains estimate-only.
farewell-hyrule-king,True,estimate-only-unresolved,0,True,0,False,False,,No substantiated map: base remains estimate-only.
feed-me-ellie-goulding-relocating-the-lights,True,estimate-only-unresolved,0,True,0,False,False,,No substantiated map: base remains estimate-only.
frank-sinatra-fly-me-to-the-moon,True,estimate-only-unresolved,0,True,2,False,True,,No substantiated map: base remains estimate-only. | Ordered harmony studied; candidate correspondence and independent landmarks not established.
frank-sinatra-my-way,True,estimate-only-unresolved,0,True,1,False,True,,No substantiated map: base remains estimate-only. | Ordered harmony studied; candidate correspondence and independent landmarks not established.
frode-osen-nomy-you-better-die-young-piano-cover-msm02waq,True,estimate-only-unresolved,0,False,2,False,True,,No substantiated map: base remains estimate-only. | No exact original-source byte match found in inspected retained source/audio paths. | Ordered harmony studied; candidate correspondence and independent landmarks not established.
g-bizet-carmen-prelude,True,estimate-only-unresolved,0,True,0,True,False,,"No substantiated map: base remains estimate-only. | Byte-matched score acquired, but no verified internal form map established."
g-bizet-entr-acte,True,estimate-only-unresolved,0,True,0,True,False,,"No substantiated map: base remains estimate-only. | Byte-matched score acquired, but no verified internal form map established."
g-f-handel-entree,True,estimate-only-unresolved,0,True,0,True,False,,"No substantiated map: base remains estimate-only. | Byte-matched score acquired, but no verified internal form map established."
g-f-handel-fuga,True,estimate-only-unresolved,0,True,0,True,False,,"No substantiated map: base remains estimate-only. | Byte-matched score acquired, but no verified internal form map established."
g-f-handel-gavotte,True,estimate-only-unresolved,0,True,0,True,False,,"No substantiated map: base remains estimate-only. | Byte-matched score acquired, but no verified internal form map established."
g-f-handel-impertinence,True,estimate-only-unresolved,0,True,0,True,False,,"No substantiated map: base remains estimate-only. | Byte-matched score acquired, but no verified internal form map established."
g-f-handel-ouverture,True,estimate-only-unresolved,0,True,0,True,False,,"No substantiated map: base remains estimate-only. | Byte-matched score acquired, but no verified internal form map established."
g-f-handel-toccata,True,estimate-only-unresolved,0,True,0,True,False,,"No substantiated map: base remains estimate-only. | Byte-matched score acquired, but no verified internal form map established."
g-faure-apres-un-reve,True,estimate-only-unresolved,0,True,0,True,False,,"No substantiated map: base remains estimate-only. | Byte-matched score acquired, but no verified internal form map established."
g-faure-le-pays-des-reves,True,estimate-only-unresolved,0,True,0,True,False,,"No substantiated map: base remains estimate-only. | Byte-matched score acquired, but no verified internal form map established."
g-faure-les-djinns,True,mapped-partial,14,True,0,True,False,,Only part of numeric extent is named; unresolved intervals remain estimated.
g-faure-les-matelots,True,estimate-only-unresolved,0,True,0,True,False,,"No substantiated map: base remains estimate-only. | Byte-matched score acquired, but no verified internal form map established."
g-giordano-caro-mio-ben-come-once-again,True,estimate-only-unresolved,0,True,0,True,False,,"No substantiated map: base remains estimate-only. | Byte-matched score acquired, but no verified internal form map established."
game-of-thrones,True,estimate-only-unresolved,0,True,0,False,False,,No substantiated map: base remains estimate-only.
george-michael-careless-whisper,True,estimate-only-unresolved,0,True,2,False,True,,No substantiated map: base remains estimate-only. | Ordered harmony studied; candidate correspondence and independent landmarks not established.
gloria-gaynor-i-will-survive,True,estimate-only-unresolved,0,True,1,False,True,,No substantiated map: base remains estimate-only. | Ordered harmony studied; candidate correspondence and independent landmarks not established.
good-bad-ugly,True,estimate-only-unresolved,0,True,1,False,True,,No substantiated map: base remains estimate-only. | Ordered harmony studied; candidate correspondence and independent landmarks not established.
green-day-good-riddence,True,estimate-only-unresolved,0,True,0,False,False,,No substantiated map: base remains estimate-only.
guy-sebastian-ft-lupe-fiasco-battle-scars,True,estimate-only-unresolved,0,True,2,False,True,,No substantiated map: base remains estimate-only. | Ordered harmony studied; candidate correspondence and independent landmarks not established.
h-carey-sally-in-our-alley,True,mapped-partial,1,True,0,True,False,,Only part of numeric extent is named; unresolved intervals remain estimated.
h-r-bishop-home-sweet-home,True,mapped-partial,1,True,0,True,False,,Only part of numeric extent is named; unresolved intervals remain estimated.
hall-of-fame-the-script,True,estimate-only-unresolved,0,True,2,False,True,,No substantiated map: base remains estimate-only. | Ordered harmony studied; candidate correspondence and independent landmarks not established.
hans-zimmer-first-step-interstellar,True,estimate-only-unresolved,0,True,0,False,False,,No substantiated map: base remains estimate-only.
happier-marshmello-ft-bastille,True,estimate-only-unresolved,0,True,2,False,True,,No substantiated map: base remains estimate-only. | Ordered harmony studied; candidate correspondence and independent landmarks not established.
happier-olivia-rodrigo,True,estimate-only-unresolved,0,True,2,False,True,,No substantiated map: base remains estimate-only. | Ordered harmony studied; candidate correspondence and independent landmarks not established.
happier-than-ever,True,estimate-only-unresolved,0,True,0,False,False,,No substantiated map: base remains estimate-only.
harry-styles-sign-of-the-times,True,estimate-only-unresolved,0,True,2,False,True,,No substantiated map: base remains estimate-only. | Ordered harmony studied; candidate correspondence and independent landmarks not established.
he-s-a-pirate,True,estimate-only-unresolved,0,True,0,False,False,,No substantiated map: base remains estimate-only.
hedwig-s-theme,True,estimate-only-unresolved,0,True,0,False,False,,No substantiated map: base remains estimate-only.
hopsin-ill-mind-of-hopsin-5,True,estimate-only-unresolved,0,True,0,False,False,,No substantiated map: base remains estimate-only.
hotel-california,True,estimate-only-unresolved,0,True,0,False,False,,No substantiated map: base remains estimate-only.
httyd-see-you-tomorrow,True,estimate-only-unresolved,0,True,0,False,False,,No substantiated map: base remains estimate-only.
i-m-f-albeniz-rumores-de-la-caleta,True,estimate-only-unresolved,0,True,0,True,False,,"No substantiated map: base remains estimate-only. | Byte-matched score acquired, but no verified internal form map established."
imagine-dragons-radioactive,True,estimate-only-unresolved,0,True,2,False,True,,No substantiated map: base remains estimate-only. | Ordered harmony studied; candidate correspondence and independent landmarks not established.
imogen-heap-hide-and-seek,True,estimate-only-unresolved,0,True,2,False,True,,No substantiated map: base remains estimate-only. | Ordered harmony studied; candidate correspondence and independent landmarks not established.
j-a-benda-3-satz-aus-der-sonate-in-g-dur,True,estimate-only-unresolved,0,True,0,True,False,,"No substantiated map: base remains estimate-only. | Byte-matched score acquired, but no verified internal form map established."
j-andre-sonatine,True,estimate-only-unresolved,0,True,0,True,False,,"No substantiated map: base remains estimate-only. | Byte-matched score acquired, but no verified internal form map established."
j-ascher-alice-where-art-thou,True,mapped-partial,1,True,0,True,False,,Only part of numeric extent is named; unresolved intervals remain estimated.
j-blumenthal-les-deux-anges,True,mapped-partial,3,True,0,True,False,,Only part of numeric extent is named; unresolved intervals remain estimated.
j-brahms-2-intermezzo,True,estimate-only-unresolved,0,True,0,True,False,,"No substantiated map: base remains estimate-only. | Byte-matched score acquired, but no verified internal form map established."
j-brahms-brahms-horn-trio,True,mapped-partial,4,True,0,True,False,,Only part of numeric extent is named; unresolved intervals remain estimated.
j-brahms-sapphische-ode,True,estimate-only-unresolved,0,True,0,True,False,,"No substantiated map: base remains estimate-only. | Byte-matched score acquired, but no verified internal form map established."
j-brahms-waltz-no-10,True,estimate-only-unresolved,0,True,0,True,False,,"No substantiated map: base remains estimate-only. | Byte-matched score acquired, but no verified internal form map established."
j-brahms-waltz-no-15,True,estimate-only-unresolved,0,True,0,True,False,,"No substantiated map: base remains estimate-only. | Byte-matched score acquired, but no verified internal form map established."
j-f-f-burgmuller-innocence,True,estimate-only-unresolved,0,True,0,True,False,,"No substantiated map: base remains estimate-only. | Byte-matched score acquired, but no verified internal form map established."
j-f-f-burgmuller-l-arabesque,True,estimate-only-unresolved,0,True,0,True,False,,"No substantiated map: base remains estimate-only. | Byte-matched score acquired, but no verified internal form map established."
j-f-f-burgmuller-la-candeur,True,estimate-only-unresolved,0,True,0,True,False,,"No substantiated map: base remains estimate-only. | Byte-matched score acquired, but no verified internal form map established."
j-f-f-burgmuller-la-pastorale,True,estimate-only-unresolved,0,True,0,True,False,,"No substantiated map: base remains estimate-only. | Byte-matched score acquired, but no verified internal form map established."
j-f-f-burgmuller-la-petite-reunion,True,estimate-only-unresolved,0,True,0,True,False,,"No substantiated map: base remains estimate-only. | Byte-matched score acquired, but no verified internal form map established."
j-f-f-burgmuller-progres,True,estimate-only-unresolved,0,True,0,True,False,,"No substantiated map: base remains estimate-only. | Byte-matched score acquired, but no verified internal form map established."
j-field-nocturne,True,estimate-only-unresolved,0,True,0,True,False,,"No substantiated map: base remains estimate-only. | Byte-matched score acquired, but no verified internal form map established."
j-k-f-fischer-erato-allemande,True,estimate-only-unresolved,0,True,0,True,False,,"No substantiated map: base remains estimate-only. | Byte-matched score acquired, but no verified internal form map established."
j-k-f-fischer-erato-praeludium,True,estimate-only-unresolved,0,True,0,True,False,,"No substantiated map: base remains estimate-only. | Byte-matched score acquired, but no verified internal form map established."
j-s-bach-ach-was-soll-ich-sunder-machen,True,estimate-only-unresolved,0,True,0,True,False,,"No substantiated map: base remains estimate-only. | Byte-matched score acquired, but no verified internal form map established."
j-s-bach-aus-meines-herzens-grunde-chorale-1,True,estimate-only-unresolved,0,True,0,True,False,,"No substantiated map: base remains estimate-only. | Byte-matched score acquired, but no verified internal form map established."
j-s-bach-ermuntre-dich-mein-schwacher-geist,True,estimate-only-unresolved,0,True,0,True,False,,"No substantiated map: base remains estimate-only. | Byte-matched score acquired, but no verified internal form map established."
j-s-bach-gott-wie-gross-ist-deine-gute,True,estimate-only-unresolved,0,True,0,True,False,,"No substantiated map: base remains estimate-only. | Byte-matched score acquired, but no verified internal form map established."
j-s-bach-ich-dank-dir-lieber-herre,True,estimate-only-unresolved,0,True,0,True,False,,"No substantiated map: base remains estimate-only. | Byte-matched score acquired, but no verified internal form map established."
j-s-bach-polonaise-in-f-major,True,estimate-only-unresolved,0,True,0,True,False,,"No substantiated map: base remains estimate-only. | Byte-matched score acquired, but no verified internal form map established."
james-blunt-1973,True,estimate-only-unresolved,0,True,2,False,True,,No substantiated map: base remains estimate-only. | Ordered harmony studied; candidate correspondence and independent landmarks not established.
jamie-duffy-solas,True,estimate-only-unresolved,0,True,0,False,False,,No substantiated map: base remains estimate-only.
jessie-j-thunder,True,estimate-only-unresolved,0,True,1,False,True,,No substantiated map: base remains estimate-only. | Ordered harmony studied; candidate correspondence and independent landmarks not established.
johann-pachelbel-canon-in-d,True,estimate-only-unresolved,0,True,2,False,True,,No substantiated map: base remains estimate-only. | Ordered harmony studied; candidate correspondence and independent landmarks not established.
john-lennon-imagine,True,mapped-partial,5,True,1,False,True,,Only part of numeric extent is named; unresolved intervals remain estimated.
john-newman-cheating,True,estimate-only-unresolved,0,True,2,False,True,,No substantiated map: base remains estimate-only. | Ordered harmony studied; candidate correspondence and independent landmarks not established.
jon-pumper-the-greatest-showman-from-now-on-piano-tutorial-synthesia-msm044ue,True,estimate-only-unresolved,0,False,0,False,False,,No substantiated map: base remains estimate-only. | No exact original-source byte match found in inspected retained source/audio paths.
journey-dont-stop-believin,True,mapped-partial,2,True,1,False,False,,Only part of numeric extent is named; unresolved intervals remain estimated.
journey-separate-ways,True,estimate-only-unresolved,0,True,2,False,True,,No substantiated map: base remains estimate-only. | Ordered harmony studied; candidate correspondence and independent landmarks not established.
jvke-golden-hour,True,estimate-only-unresolved,0,True,2,False,True,,No substantiated map: base remains estimate-only. | Ordered harmony studied; candidate correspondence and independent landmarks not established.
kamerat-mot-kamerat,True,estimate-only-unresolved,0,False,0,False,False,,No substantiated map: base remains estimate-only. | No exact original-source byte match found in inspected retained source/audio paths.
katherine-cordova-coldplay-fix-you-advanced-piano-cover-mslws0x0,True,estimate-only-unresolved,0,False,2,False,True,,No substantiated map: base remains estimate-only. | No exact original-source byte match found in inspected retained source/audio paths. | Ordered harmony studied; candidate correspondence and independent landmarks not established.
keiko-matsui-midnight-stone,True,estimate-only-unresolved,0,True,0,False,False,,No substantiated map: base remains estimate-only.
l-m-gottschalk-the-dying-swan,True,estimate-only-unresolved,0,True,0,True,False,,"No substantiated map: base remains estimate-only. | Byte-matched score acquired, but no verified internal form map established."
l-streabbog-j-l-gobbaerts-les-etoiles-d-or-no-1-valse,True,estimate-only-unresolved,0,True,0,True,False,,"No substantiated map: base remains estimate-only. | Byte-matched score acquired, but no verified internal form map established."
l-v-beethoven-sonata-no-1-1st-movement-allegro,True,estimate-only-unresolved,0,True,0,True,False,,"No substantiated map: base remains estimate-only. | Byte-matched score acquired, but no verified internal form map established."
l-v-beethoven-sonata-no-1-2nd-movement-adagio,True,estimate-only-unresolved,0,True,0,True,False,,"No substantiated map: base remains estimate-only. | Byte-matched score acquired, but no verified internal form map established."
l-v-beethoven-sonata-no-1-3rd-movement-allegretto,True,mapped-numeric-extent,2,True,0,True,False,,
l-v-beethoven-sonata-no-1-4th-movement-prestissimo,True,estimate-only-unresolved,0,True,0,True,False,,"No substantiated map: base remains estimate-only. | Byte-matched score acquired, but no verified internal form map established."
l-v-beethoven-sonata-no-5-1st-movement-allegro-molto-e-con-b,True,estimate-only-unresolved,0,True,0,True,False,,"No substantiated map: base remains estimate-only. | Byte-matched score acquired, but no verified internal form map established."
l-v-beethoven-sonata-no-5-3rd-movement-prestissimo,True,estimate-only-unresolved,0,True,0,True,False,,"No substantiated map: base remains estimate-only. | Byte-matched score acquired, but no verified internal form map established."
labrinth-jealous,True,estimate-only-unresolved,0,True,2,False,True,,No substantiated map: base remains estimate-only. | Ordered harmony studied; candidate correspondence and independent landmarks not established.
lady-gaga-applause,True,estimate-only-unresolved,0,True,2,False,True,,No substantiated map: base remains estimate-only. | Ordered harmony studied; candidate correspondence and independent landmarks not established.
lauren-daigle-you-say,True,estimate-only-unresolved,0,True,2,False,True,,No substantiated map: base remains estimate-only. | Ordered harmony studied; candidate correspondence and independent landmarks not established.
lily-allen-hard-out-here,True,estimate-only-unresolved,0,True,2,False,True,,No substantiated map: base remains estimate-only. | Ordered harmony studied; candidate correspondence and independent landmarks not established.
linkin-park-numb,True,estimate-only-unresolved,0,True,2,False,True,,No substantiated map: base remains estimate-only. | Ordered harmony studied; candidate correspondence and independent landmarks not established.
lorde-royals,True,estimate-only-unresolved,0,True,2,False,True,,No substantiated map: base remains estimate-only. | Ordered harmony studied; candidate correspondence and independent landmarks not established.
love-story-where-do-i-begin,True,estimate-only-unresolved,0,True,0,False,False,,No substantiated map: base remains estimate-only.
ludovico-einaudi-experience,True,estimate-only-unresolved,0,True,0,False,False,,No substantiated map: base remains estimate-only.
ludovico-einaudi-nuvole-bianche,True,estimate-only-unresolved,0,True,1,False,True,,No substantiated map: base remains estimate-only. | Ordered harmony studied; candidate correspondence and independent landmarks not established.
macklemore-ryan-lewis-thrift-shop,True,estimate-only-unresolved,0,True,2,False,True,,No substantiated map: base remains estimate-only. | Ordered harmony studied; candidate correspondence and independent landmarks not established.
macklemore-white-walls,True,estimate-only-unresolved,0,True,0,False,False,,No substantiated map: base remains estimate-only.
mad-world-gary-jules,True,mapped-partial,1,True,2,False,True,,Only part of numeric extent is named; unresolved intervals remain estimated.
margarita-sipatova-ozzy-osbourne-mama-i-m-coming-home-piano-cover-mslzxjx2,True,estimate-only-unresolved,0,False,2,False,True,,No substantiated map: base remains estimate-only. | No exact original-source byte match found in inspected retained source/audio paths. | Ordered harmony studied; candidate correspondence and independent landmarks not established.
maroon-5-daylight,True,estimate-only-unresolved,0,True,2,False,True,,No substantiated map: base remains estimate-only. | Ordered harmony studied; candidate correspondence and independent landmarks not established.
maroon-5-maps,True,estimate-only-unresolved,0,True,2,False,True,,No substantiated map: base remains estimate-only. | Ordered harmony studied; candidate correspondence and independent landmarks not established.
maroon-5-payphone,True,estimate-only-unresolved,0,True,2,False,True,,No substantiated map: base remains estimate-only. | Ordered harmony studied; candidate correspondence and independent landmarks not established.
mary-hopkin-those-were-the-days,True,estimate-only-unresolved,0,True,1,False,True,,No substantiated map: base remains estimate-only. | Ordered harmony studied; candidate correspondence and independent landmarks not established.
massive-attack-teardrop,True,estimate-only-unresolved,0,True,2,False,True,,No substantiated map: base remains estimate-only. | Ordered harmony studied; candidate correspondence and independent landmarks not established.
meat-loaf-id-do-anything-for-love,True,estimate-only-unresolved,0,True,2,False,True,,No substantiated map: base remains estimate-only. | Ordered harmony studied; candidate correspondence and independent landmarks not established.
metalpiano-sabaton-carolus-rex-piano-cover-mslzxtbj,True,estimate-only-unresolved,0,False,2,False,True,,No substantiated map: base remains estimate-only. | No exact original-source byte match found in inspected retained source/audio paths. | Ordered harmony studied; candidate correspondence and independent landmarks not established.
midi-a-ha-take-on-me-b6dcc3d4,True,estimate-only-unresolved,0,True,2,False,True,,No substantiated map: base remains estimate-only. | Ordered harmony studied; candidate correspondence and independent landmarks not established.
midi-abba-money-money-money-3b9b521f,True,estimate-only-unresolved,0,True,2,False,True,,No substantiated map: base remains estimate-only. | Ordered harmony studied; candidate correspondence and independent landmarks not established.
midi-alan-walker-faded-9be3b1df,True,estimate-only-unresolved,0,True,0,False,False,Could not decode key with 2 flats and mode 161,No substantiated map: base remains estimate-only. | Independent raw MIDI parsing failed; raw bytes and error retained.
midi-alexander-alexandrov-national-anthem-of-russia-7d10a0db,True,estimate-only-unresolved,0,True,0,False,False,,No substantiated map: base remains estimate-only.
midi-avicii-levels-36a63933,True,estimate-only-unresolved,0,True,2,False,True,list index out of range,No substantiated map: base remains estimate-only. | Independent raw MIDI parsing failed; raw bytes and error retained. | Ordered harmony studied; candidate correspondence and independent landmarks not established.
midi-backstreet-boys-i-want-it-that-way-0857fc1d,True,mapped-partial,6,True,2,False,True,,Only part of numeric extent is named; unresolved intervals remain estimated.
midi-basshunter-dota-48a2a911,True,estimate-only-unresolved,0,True,2,False,True,,No substantiated map: base remains estimate-only. | Ordered harmony studied; candidate correspondence and independent landmarks not established.
midi-bon-jovi-livin-on-a-prayer-6b7dba9f,True,estimate-only-unresolved,0,True,2,False,True,,No substantiated map: base remains estimate-only. | Ordered harmony studied; candidate correspondence and independent landmarks not established.
midi-boney-m-rasputin-30a9c304,True,mapped-partial,1,True,2,False,True,,Only part of numeric extent is named; unresolved intervals remain estimated.
midi-britney-spears-toxic-ae6f48bb,True,estimate-only-unresolved,0,True,2,False,True,,No substantiated map: base remains estimate-only. | Ordered harmony studied; candidate correspondence and independent landmarks not established.
midi-caramell-caramelldansen-5114ef50,True,estimate-only-unresolved,0,True,2,False,True,,No substantiated map: base remains estimate-only. | Ordered harmony studied; candidate correspondence and independent landmarks not established.
midi-celine-dion-my-heart-will-go-on-8d18007d,True,estimate-only-unresolved,0,True,2,False,True,,No substantiated map: base remains estimate-only. | Ordered harmony studied; candidate correspondence and independent landmarks not established.
midi-coldplay-viva-la-vida-853939d6,True,estimate-only-unresolved,0,True,2,False,True,,No substantiated map: base remains estimate-only. | Ordered harmony studied; candidate correspondence and independent landmarks not established.
midi-daniwell-nyan-cat-673517ce,True,estimate-only-unresolved,0,True,0,False,False,,No substantiated map: base remains estimate-only.
midi-elton-john-can-you-feel-the-love-tonight-5fb83825,True,estimate-only-unresolved,0,True,2,False,True,,No substantiated map: base remains estimate-only. | Ordered harmony studied; candidate correspondence and independent landmarks not established.
midi-elvis-presley-can-t-help-falling-in-love-ff9e90ae,True,mapped-partial,6,True,2,False,True,,Only part of numeric extent is named; unresolved intervals remain estimated.
midi-europe-the-final-countdown-c060e07b,True,estimate-only-unresolved,0,True,2,False,True,,No substantiated map: base remains estimate-only. | Ordered harmony studied; candidate correspondence and independent landmarks not established.
midi-file-hans-zimmer-interstellar,True,estimate-only-unresolved,0,True,0,False,False,,No substantiated map: base remains estimate-only.
midi-file-keane-somewhere-only-we-know,True,estimate-only-unresolved,0,True,2,False,True,,No substantiated map: base remains estimate-only. | Ordered harmony studied; candidate correspondence and independent landmarks not established.
midi-guns-n-roses-knockin-on-heaven-s-door-7736e9a0,True,estimate-only-unresolved,0,True,2,False,True,,No substantiated map: base remains estimate-only. | Ordered harmony studied; candidate correspondence and independent landmarks not established.
midi-guns-n-roses-november-rain-b8394da5,True,estimate-only-unresolved,0,True,2,False,True,,No substantiated map: base remains estimate-only. | Ordered harmony studied; candidate correspondence and independent landmarks not established.
midi-guns-n-roses-sweet-child-o-mine-caa63d30,True,estimate-only-unresolved,0,True,2,False,True,,No substantiated map: base remains estimate-only. | Ordered harmony studied; candidate correspondence and independent landmarks not established.
midi-halo-2-menu-theme-a3cce270,True,estimate-only-unresolved,0,True,0,False,False,,No substantiated map: base remains estimate-only.
midi-john-denver-take-me-home-country-roads-999c4351,True,estimate-only-unresolved,0,True,2,False,True,,No substantiated map: base remains estimate-only. | Ordered harmony studied; candidate correspondence and independent landmarks not established.
midi-judy-garland-over-the-rainbow-e94ce5ec,True,estimate-only-unresolved,0,True,0,False,False,,No substantiated map: base remains estimate-only.
midi-ludwig-van-beethoven-f-r-elise-43bf2280,True,estimate-only-unresolved,0,True,0,False,False,,No substantiated map: base remains estimate-only.
midi-metallica-master-of-puppets-0b4df018,True,estimate-only-unresolved,0,True,2,False,True,,No substantiated map: base remains estimate-only. | Ordered harmony studied; candidate correspondence and independent landmarks not established.
midi-metallica-nothing-else-matters-90c0cddf,True,estimate-only-unresolved,0,True,2,False,True,,No substantiated map: base remains estimate-only. | Ordered harmony studied; candidate correspondence and independent landmarks not established.
midi-monty-norman-james-bond-theme-b6643ecd,True,estimate-only-unresolved,0,True,0,False,False,,No substantiated map: base remains estimate-only.
midi-oasis-wonderwall-3aaafa51,True,estimate-only-unresolved,0,True,2,False,True,,No substantiated map: base remains estimate-only. | Ordered harmony studied; candidate correspondence and independent landmarks not established.
midi-portal-still-alive-480f7740,True,estimate-only-unresolved,0,True,0,False,False,,No substantiated map: base remains estimate-only.
midi-queen-don-t-stop-me-now-1de052c6,True,estimate-only-unresolved,0,True,2,False,True,,No substantiated map: base remains estimate-only. | Ordered harmony studied; candidate correspondence and independent landmarks not established.
midi-queen-we-are-the-champions-a9df27e3,True,estimate-only-unresolved,0,True,2,False,True,,No substantiated map: base remains estimate-only. | Ordered harmony studied; candidate correspondence and independent landmarks not established.
midi-red-hot-chili-peppers-californication-7e7c605b,True,estimate-only-unresolved,0,True,2,False,True,,No substantiated map: base remains estimate-only. | Ordered harmony studied; candidate correspondence and independent landmarks not established.
midi-survivor-eye-of-the-tiger-0706a3f8,True,estimate-only-unresolved,0,True,2,False,True,,No substantiated map: base remains estimate-only. | Ordered harmony studied; candidate correspondence and independent landmarks not established.
midi-tetris-main-theme-korobeiniki-f8eb8790,True,estimate-only-unresolved,0,True,0,False,False,,No substantiated map: base remains estimate-only.
midi-the-cranberries-zombie-51c2273c,True,estimate-only-unresolved,0,True,2,False,True,,No substantiated map: base remains estimate-only. | Ordered harmony studied; candidate correspondence and independent landmarks not established.
midi-the-elder-scrolls-v-skyrim-dragonborn-dc2ab23d,True,estimate-only-unresolved,0,True,0,False,False,,No substantiated map: base remains estimate-only.
midi-the-lion-king-hakuna-matata-a17a6721,True,estimate-only-unresolved,0,True,0,False,False,,No substantiated map: base remains estimate-only.
midi-the-lion-king-i-just-can-t-wait-to-be-king-f90e745c,True,estimate-only-unresolved,0,True,0,False,False,,No substantiated map: base remains estimate-only.
midi-toto-africa-e089ee1a,True,estimate-only-unresolved,0,True,2,False,True,,No substantiated map: base remains estimate-only. | Ordered harmony studied; candidate correspondence and independent landmarks not established.
midi-traditional-amazing-grace-75c5d830,True,estimate-only-unresolved,0,True,0,False,False,,No substantiated map: base remains estimate-only.
midi-traditional-happy-birthday-to-you-30eca3c8,True,estimate-only-unresolved,0,True,0,False,False,,No substantiated map: base remains estimate-only.
midi-traditional-jingle-bells-745a746d,True,estimate-only-unresolved,0,True,0,False,False,,No substantiated map: base remains estimate-only.
midi-traditional-the-star-spangled-banner-48eb614a,True,estimate-only-unresolved,0,True,0,False,False,,No substantiated map: base remains estimate-only.
midnight-oil-beds-are-burning,True,estimate-only-unresolved,0,True,2,False,True,,No substantiated map: base remains estimate-only. | Ordered harmony studied; candidate correspondence and independent landmarks not established.
miley-cyrus-we-can-t-stop,True,estimate-only-unresolved,0,True,2,False,True,,No substantiated map: base remains estimate-only. | Ordered harmony studied; candidate correspondence and independent landmarks not established.
misc-cartoons-neon-genesis-evangelion-a-cruel-angels-thesis,True,estimate-only-unresolved,0,True,2,False,True,,No substantiated map: base remains estimate-only. | Ordered harmony studied; candidate correspondence and independent landmarks not established.
misc-traditional-land-of-hope-and-glory,True,estimate-only-unresolved,0,True,1,False,True,,No substantiated map: base remains estimate-only. | Ordered harmony studied; candidate correspondence and independent landmarks not established.
monday-ludovico-einaudi,True,estimate-only-unresolved,0,True,0,False,False,,No substantiated map: base remains estimate-only.
music-for-your-lessons-make-me-wanna-die-the-pretty-reckles-piano-solo-msm034hm,True,estimate-only-unresolved,0,False,0,False,False,,No substantiated map: base remains estimate-only. | No exact original-source byte match found in inspected retained source/audio paths.
never-gonna-give-you-up,True,estimate-only-unresolved,0,True,0,False,False,,No substantiated map: base remains estimate-only.
night-2-is-ee-the-stars,True,estimate-only-unresolved,0,True,0,False,False,,No substantiated map: base remains estimate-only.
nomy-cocaine,True,estimate-only-unresolved,0,True,2,False,True,,No substantiated map: base remains estimate-only. | Ordered harmony studied; candidate correspondence and independent landmarks not established.
o-comeau-ellen-s-song,True,mapped-partial,1,True,0,True,False,,Only part of numeric extent is named; unresolved intervals remain estimated.
olectralab-katyusha-piano-cover-mslzvw9f,False,estimate-only-unresolved,0,False,0,False,False,,No substantiated map: base remains estimate-only. | No exact original-source byte match found in inspected retained source/audio paths.
olivia-rodrigo-drivers-license,True,estimate-only-unresolved,0,True,2,False,True,,No substantiated map: base remains estimate-only. | Ordered harmony studied; candidate correspondence and independent landmarks not established.
olly-murs-right-place-right-time,True,estimate-only-unresolved,0,True,2,False,True,,No substantiated map: base remains estimate-only. | Ordered harmony studied; candidate correspondence and independent landmarks not established.
one-day,True,estimate-only-unresolved,0,True,0,False,False,,No substantiated map: base remains estimate-only.
onerepublic-counting-stars,True,estimate-only-unresolved,0,True,2,False,True,,No substantiated map: base remains estimate-only. | Ordered harmony studied; candidate correspondence and independent landmarks not established.
ordinary-alex-warren,True,estimate-only-unresolved,0,True,1,False,True,,No substantiated map: base remains estimate-only. | Ordered harmony studied; candidate correspondence and independent landmarks not established.
owl-city-feat-carly-rae-jepsen-good-time,True,estimate-only-unresolved,0,True,2,False,True,,No substantiated map: base remains estimate-only. | Ordered harmony studied; candidate correspondence and independent landmarks not established.
ozzy-osbourne-crazy-train,True,estimate-only-unresolved,0,True,2,False,True,,No substantiated map: base remains estimate-only. | Ordered harmony studied; candidate correspondence and independent landmarks not established.
ozzy-osbourne-dreamer,True,estimate-only-unresolved,0,True,1,False,True,,No substantiated map: base remains estimate-only. | Ordered harmony studied; candidate correspondence and independent landmarks not established.
ozzy-osbourne-mr-crowley,True,estimate-only-unresolved,0,True,2,False,True,,No substantiated map: base remains estimate-only. | Ordered harmony studied; candidate correspondence and independent landmarks not established.
p-cornelius-ein-ton,True,estimate-only-unresolved,0,True,0,True,False,,"No substantiated map: base remains estimate-only. | Byte-matched score acquired, but no verified internal form map established."
p-dukas-villanelle,True,estimate-only-unresolved,0,True,0,True,False,,"No substantiated map: base remains estimate-only. | Byte-matched score acquired, but no verified internal form map established."
panic-at-the-disco-girlsgirlsboys,True,estimate-only-unresolved,0,True,0,False,False,,No substantiated map: base remains estimate-only.
paparazzi,True,estimate-only-unresolved,0,True,0,False,False,,No substantiated map: base remains estimate-only.
paradise,True,estimate-only-unresolved,0,True,2,False,True,,No substantiated map: base remains estimate-only. | Ordered harmony studied; candidate correspondence and independent landmarks not established.
passenger-let-her-go,True,estimate-only-unresolved,0,True,2,False,True,,No substantiated map: base remains estimate-only. | Ordered harmony studied; candidate correspondence and independent landmarks not established.
paul-gassa-yiruma-river-flows-in-you-emotional-piano-cover-msl98ing,True,estimate-only-unresolved,0,False,1,False,True,,No substantiated map: base remains estimate-only. | No exact original-source byte match found in inspected retained source/audio paths. | Ordered harmony studied; candidate correspondence and independent landmarks not established.
peter-tschaikowsky-april,True,estimate-only-unresolved,0,True,0,False,False,,No substantiated map: base remains estimate-only.
peter-tschaikowsky-august,True,estimate-only-unresolved,0,True,0,False,False,,No substantiated map: base remains estimate-only.
peter-tschaikowsky-dezember,True,estimate-only-unresolved,0,True,0,False,False,,No substantiated map: base remains estimate-only.
peter-tschaikowsky-februar,True,estimate-only-unresolved,0,True,0,False,False,,No substantiated map: base remains estimate-only.
peter-tschaikowsky-januar,True,estimate-only-unresolved,0,True,0,False,False,,No substantiated map: base remains estimate-only.
peter-tschaikowsky-juli,True,estimate-only-unresolved,0,True,0,False,False,,No substantiated map: base remains estimate-only.
peter-tschaikowsky-juni,True,estimate-only-unresolved,0,True,0,False,False,,No substantiated map: base remains estimate-only.
piano-cover-by-pianella-piano-ava-max-kings-queens-mslwtpef,True,estimate-only-unresolved,0,False,1,False,True,,No substantiated map: base remains estimate-only. | No exact original-source byte match found in inspected retained source/audio paths. | Ordered harmony studied; candidate correspondence and independent landmarks not established.
piano-cover-by-pianella-piano-hozier-too-sweet-mslzwyl8,True,estimate-only-unresolved,0,False,2,False,True,,No substantiated map: base remains estimate-only. | No exact original-source byte match found in inspected retained source/audio paths. | Ordered harmony studied; candidate correspondence and independent landmarks not established.
piano-cover-by-pianella-piano-lewis-capaldi-someone-you-loved-mslwst4l,True,estimate-only-unresolved,0,False,2,False,True,,No substantiated map: base remains estimate-only. | No exact original-source byte match found in inspected retained source/audio paths. | Ordered harmony studied; candidate correspondence and independent landmarks not established.
piano-cover-by-pianella-piano-linkin-park-the-emptiness-machine-msm03cze,True,estimate-only-unresolved,0,False,1,False,True,,No substantiated map: base remains estimate-only. | No exact original-source byte match found in inspected retained source/audio paths. | Ordered harmony studied; candidate correspondence and independent landmarks not established.
piano-cover-hozier-take-me-to-church-mslwsak4,True,estimate-only-unresolved,0,False,2,False,True,,No substantiated map: base remains estimate-only. | No exact original-source byte match found in inspected retained source/audio paths. | Ordered harmony studied; candidate correspondence and independent landmarks not established.
piano-duet-tutorial-levva-livet-age-aleksandersen-mslzwgdw,True,estimate-only-unresolved,0,False,1,False,True,,No substantiated map: base remains estimate-only. | No exact original-source byte match found in inspected retained source/audio paths. | Ordered harmony studied; candidate correspondence and independent landmarks not established.
piano-free-sheet-music-sabaton-christmas-truce-mslzztfn,True,estimate-only-unresolved,0,False,1,False,True,,No substantiated map: base remains estimate-only. | No exact original-source byte match found in inspected retained source/audio paths. | Ordered harmony studied; candidate correspondence and independent landmarks not established.
piano-free-sheet-music-sabaton-the-final-solution-mslzzcr5,True,estimate-only-unresolved,0,False,1,False,True,,No substantiated map: base remains estimate-only. | No exact original-source byte match found in inspected retained source/audio paths. | Ordered harmony studied; candidate correspondence and independent landmarks not established.
piano-see-you-again-wiz-khalifa,True,estimate-only-unresolved,0,True,2,False,True,,No substantiated map: base remains estimate-only. | Ordered harmony studied; candidate correspondence and independent landmarks not established.
pianostalgia-p-nk-u-ur-hand-piano-tutorial-msm00c9a,True,estimate-only-unresolved,0,False,1,False,True,,No substantiated map: base remains estimate-only. | No exact original-source byte match found in inspected retained source/audio paths. | Ordered harmony studied; candidate correspondence and independent landmarks not established. | Publisher chapters acquired; independent original-source clock/identity gate unresolved.
pink-just-give-me-a-reason,False,mapped-partial,5,True,0,False,False,,Only part of numeric extent is named; unresolved intervals remain estimated.
plain-white-tea-s-hey-there-delilah,True,estimate-only-unresolved,0,True,2,False,True,,No substantiated map: base remains estimate-only. | Ordered harmony studied; candidate correspondence and independent landmarks not established.
pompeii-bastille,True,estimate-only-unresolved,0,True,2,False,True,,No substantiated map: base remains estimate-only. | Ordered harmony studied; candidate correspondence and independent landmarks not established.
preview-job-a1441280-05de-46b2-88bc-7acbc5bc29fb,True,estimate-only-unresolved,0,False,2,False,True,,No substantiated map: base remains estimate-only. | No exact original-source byte match found in inspected retained source/audio paths. | Ordered harmony studied; candidate correspondence and independent landmarks not established.
preview-job-a30f9c99-bc15-4432-8f3c-030e7eb0584a,True,estimate-only-unresolved,0,False,2,False,True,,No substantiated map: base remains estimate-only. | No exact original-source byte match found in inspected retained source/audio paths. | Ordered harmony studied; candidate correspondence and independent landmarks not established.
preview-job-db7fc4ea-1bfe-40b9-b9cb-df5c33754539,True,estimate-only-unresolved,0,False,2,False,True,,No substantiated map: base remains estimate-only. | No exact original-source byte match found in inspected retained source/audio paths. | Ordered harmony studied; candidate correspondence and independent landmarks not established.
queen-bohemian-rhapsody,True,estimate-only-unresolved,0,True,2,False,True,,No substantiated map: base remains estimate-only. | Ordered harmony studied; candidate correspondence and independent landmarks not established.
queen-somebody-to-love,True,mapped-numeric-extent,11,True,2,False,False,,
r-franz-es-hat-die-rose-sich-beklagt,True,estimate-only-unresolved,0,True,0,True,False,,"No substantiated map: base remains estimate-only. | Byte-matched score acquired, but no verified internal form map established."
r-franz-gute-nacht,True,estimate-only-unresolved,0,True,0,True,False,,"No substantiated map: base remains estimate-only. | Byte-matched score acquired, but no verified internal form map established."
rammstein-mein-herz-brennt,True,estimate-only-unresolved,0,True,1,False,True,,No substantiated map: base remains estimate-only. | Ordered harmony studied; candidate correspondence and independent landmarks not established.
red-sun-in-the-sky,False,estimate-only-unresolved,0,False,0,False,False,,No substantiated map: base remains estimate-only. | No exact original-source byte match found in inspected retained source/audio paths.
rhcp-under-the-bridge,True,estimate-only-unresolved,0,True,0,False,False,,No substantiated map: base remains estimate-only.
rihanna-diamonds,True,estimate-only-unresolved,0,True,2,False,True,,No substantiated map: base remains estimate-only. | Ordered harmony studied; candidate correspondence and independent landmarks not established.
rihanna-stay,True,estimate-only-unresolved,0,True,2,False,True,,No substantiated map: base remains estimate-only. | Ordered harmony studied; candidate correspondence and independent landmarks not established.
rihanna-umbrella,True,estimate-only-unresolved,0,True,2,False,True,,No substantiated map: base remains estimate-only. | Ordered harmony studied; candidate correspondence and independent landmarks not established.
rinerion-adam-s-song-blink-182,True,estimate-only-unresolved,0,True,2,False,True,,No substantiated map: base remains estimate-only. | Ordered harmony studied; candidate correspondence and independent landmarks not established.
rinerion-owl-city-fireflies-piano,True,estimate-only-unresolved,0,True,2,False,True,,No substantiated map: base remains estimate-only. | Ordered harmony studied; candidate correspondence and independent landmarks not established.
riyandi-kusuma-james-blunt-you-re-beautiful-piano-cover-by-riyandi-kusuma-mslwth1z,True,estimate-only-unresolved,0,False,2,False,True,,No substantiated map: base remains estimate-only. | No exact original-source byte match found in inspected retained source/audio paths. | Ordered harmony studied; candidate correspondence and independent landmarks not established.
riyandi-kusuma-the-greatest-showman-this-is-me-piano-cover-by-riyandi-kusum-msm02b8j,True,estimate-only-unresolved,0,False,0,False,False,,No substantiated map: base remains estimate-only. | No exact original-source byte match found in inspected retained source/audio paths.
roar,True,estimate-only-unresolved,0,True,0,False,False,,No substantiated map: base remains estimate-only.
rocket-man,True,estimate-only-unresolved,0,True,0,False,False,,No substantiated map: base remains estimate-only.
rousseau-j-s-bach-prelude-in-c-major-mslaeupl,True,estimate-only-unresolved,0,False,0,False,False,,No substantiated map: base remains estimate-only. | No exact original-source byte match found in inspected retained source/audio paths.
rousseau-john-legend-all-of-me-piano-cover-mslwrq3x,True,estimate-only-unresolved,0,False,2,False,True,,No substantiated map: base remains estimate-only. | No exact original-source byte match found in inspected retained source/audio paths. | Ordered harmony studied; candidate correspondence and independent landmarks not established.
roxette-listen-to-your-heart,True,estimate-only-unresolved,0,True,2,False,True,,No substantiated map: base remains estimate-only. | Ordered harmony studied; candidate correspondence and independent landmarks not established.
ryan-leslie-maybachs-diamonds-57z,True,estimate-only-unresolved,0,True,0,False,False,,No substantiated map: base remains estimate-only.
s-adams-the-blue-alsatian-mountains,True,estimate-only-unresolved,0,True,0,True,False,,"No substantiated map: base remains estimate-only. | Byte-matched score acquired, but no verified internal form map established."
s-c-doonan-enchanted-island,True,estimate-only-unresolved,0,True,0,True,False,,"No substantiated map: base remains estimate-only. | Byte-matched score acquired, but no verified internal form map established."
s-c-foster-slumber-my-darling,True,estimate-only-unresolved,0,True,0,True,False,,"No substantiated map: base remains estimate-only. | Byte-matched score acquired, but no verified internal form map established."
sabaton-82nd-all-the-way,True,estimate-only-unresolved,0,True,1,False,True,,No substantiated map: base remains estimate-only. | Ordered harmony studied; candidate correspondence and independent landmarks not established.
sabaton-defence-of-moscow-mtbikryq,True,estimate-only-unresolved,0,True,1,False,True,,No substantiated map: base remains estimate-only. | Ordered harmony studied; candidate correspondence and independent landmarks not established.
sabaton-sabaton-defence-of-moscow-official-music-video-mtd717qw,False,estimate-only-unresolved,0,True,1,False,True,,No substantiated map: base remains estimate-only. | Ordered harmony studied; candidate correspondence and independent landmarks not established.
sabaton-sabaton-defence-of-moscow-official-music-video-mtdq7vdx,False,estimate-only-unresolved,0,True,1,False,True,,No substantiated map: base remains estimate-only. | Ordered harmony studied; candidate correspondence and independent landmarks not established.
sabaton-sabaton-defence-of-moscow-official-music-video-mtdu6jt7,False,estimate-only-unresolved,0,True,1,False,True,,No substantiated map: base remains estimate-only. | Ordered harmony studied; candidate correspondence and independent landmarks not established.
sabaton-sabaton-defence-of-moscow-official-music-video-mtdwmc2y,False,estimate-only-unresolved,0,True,1,False,True,,No substantiated map: base remains estimate-only. | Ordered harmony studied; candidate correspondence and independent landmarks not established.
sabaton-sabaton-defence-of-moscow-official-music-video-mtdyy3n2,False,estimate-only-unresolved,0,True,1,False,True,,No substantiated map: base remains estimate-only. | Ordered harmony studied; candidate correspondence and independent landmarks not established.
sabaton-sabaton-defence-of-moscow-official-music-video-mte172p8,False,estimate-only-unresolved,0,True,1,False,True,,No substantiated map: base remains estimate-only. | Ordered harmony studied; candidate correspondence and independent landmarks not established.
sabaton-sabaton-defence-of-moscow-official-music-video-mte6ttgh,False,estimate-only-unresolved,0,True,1,False,True,,No substantiated map: base remains estimate-only. | Ordered harmony studied; candidate correspondence and independent landmarks not established.
sabaton-sabaton-defence-of-moscow-official-music-video-mtebf9i2,False,estimate-only-unresolved,0,True,1,False,True,,No substantiated map: base remains estimate-only. | Ordered harmony studied; candidate correspondence and independent landmarks not established.
sabaton-sabaton-defence-of-moscow-official-music-video-mtept7vy,False,estimate-only-unresolved,0,True,1,False,True,,No substantiated map: base remains estimate-only. | Ordered harmony studied; candidate correspondence and independent landmarks not established.
sabaton-sabaton-livgardet-official-music-video-mt9zuznc,True,estimate-only-unresolved,0,True,1,False,True,,No substantiated map: base remains estimate-only. | Ordered harmony studied; candidate correspondence and independent landmarks not established.
sam-smith-stay-with-me,True,estimate-only-unresolved,0,True,2,False,True,,No substantiated map: base remains estimate-only. | Ordered harmony studied; candidate correspondence and independent landmarks not established.
selena-gomez-come-and-get-it,True,estimate-only-unresolved,0,True,1,False,True,,No substantiated map: base remains estimate-only. | Ordered harmony studied; candidate correspondence and independent landmarks not established.
sergei-rachmaninoff-rhapsody-on-a-theme-of-paganini-variatio,True,estimate-only-unresolved,0,True,0,False,False,,No substantiated map: base remains estimate-only.
ses-death,True,estimate-only-unresolved,0,True,0,False,False,,No substantiated map: base remains estimate-only.
shallow-lady-gaga,True,estimate-only-unresolved,0,True,0,False,False,,No substantiated map: base remains estimate-only.
sheet-music-boss-sabaton-the-last-stand-piano-tutorial-mslzz1c3,False,estimate-only-unresolved,0,False,1,False,True,,No substantiated map: base remains estimate-only. | No exact original-source byte match found in inspected retained source/audio paths. | Ordered harmony studied; candidate correspondence and independent landmarks not established.
sheet-music-mary-on-a-cross-ghost-piano-cover-w-lyrics-mslwt86i,True,estimate-only-unresolved,0,False,2,False,True,,No substantiated map: base remains estimate-only. | No exact original-source byte match found in inspected retained source/audio paths. | Ordered harmony studied; candidate correspondence and independent landmarks not established.
sia-chandelier,True,mapped-chart,3,True,2,False,True,,"Complete lyric-cue excerpts only; full musical boundaries, releases and competing longer final Bridge endpoint unresolved."
sia-snowman,True,estimate-only-unresolved,0,True,2,False,True,,No substantiated map: base remains estimate-only. | Ordered harmony studied; candidate correspondence and independent landmarks not established.
sir-mix-a-lot-baby-got-back,True,estimate-only-unresolved,0,True,1,False,True,,No substantiated map: base remains estimate-only. | Ordered harmony studied; candidate correspondence and independent landmarks not established.
stairway-to-heaven-led-zeppelin,True,estimate-only-unresolved,0,True,2,False,True,,No substantiated map: base remains estimate-only. | Ordered harmony studied; candidate correspondence and independent landmarks not established.
star-wars-main-theme,True,estimate-only-unresolved,0,True,0,False,False,,No substantiated map: base remains estimate-only.
status-quo-in-the-army-now,True,estimate-only-unresolved,0,True,1,False,True,,No substantiated map: base remains estimate-only. | Ordered harmony studied; candidate correspondence and independent landmarks not established.
status-quo-rockin-all-over-the-world,True,estimate-only-unresolved,0,True,2,False,True,,No substantiated map: base remains estimate-only. | Ordered harmony studied; candidate correspondence and independent landmarks not established.
status-quo-whatever-you-want,True,estimate-only-unresolved,0,True,2,False,True,,No substantiated map: base remains estimate-only. | Ordered harmony studied; candidate correspondence and independent landmarks not established. | Complete lyric paragraph rejected: acquired charts disagree Verse versus Chorus.
stay-the-kid-laroi-justin-bieber,True,estimate-only-unresolved,0,True,2,False,True,,No substantiated map: base remains estimate-only. | Ordered harmony studied; candidate correspondence and independent landmarks not established.
stay-the-night-zedd-ft-hayley-williams-fonzimgm,True,estimate-only-unresolved,0,True,2,False,True,,No substantiated map: base remains estimate-only. | Ordered harmony studied; candidate correspondence and independent landmarks not established.
still-dre-composition,True,estimate-only-unresolved,0,True,0,False,False,,No substantiated map: base remains estimate-only.
summertime-sadness,True,estimate-only-unresolved,0,True,0,False,False,,No substantiated map: base remains estimate-only.
super-mario-theme,True,estimate-only-unresolved,0,True,0,False,False,,No substantiated map: base remains estimate-only.
swedish-house-mafia-dont-you-worry-child,True,estimate-only-unresolved,0,True,2,False,True,,No substantiated map: base remains estimate-only. | Ordered harmony studied; candidate correspondence and independent landmarks not established.
synthesiafreak-gavin-degraw-i-don-t-wanna-be-piano-cover-msm02nur,True,estimate-only-unresolved,0,False,0,False,False,,No substantiated map: base remains estimate-only. | No exact original-source byte match found in inspected retained source/audio paths.
system-of-a-down-chop-suey,True,estimate-only-unresolved,0,True,2,False,True,,No substantiated map: base remains estimate-only. | Ordered harmony studied; candidate correspondence and independent landmarks not established.
t-i-sorry,True,estimate-only-unresolved,0,True,0,False,False,,No substantiated map: base remains estimate-only.
taylor-swift-i-knew-you-were-trouble,True,estimate-only-unresolved,0,True,2,False,True,,No substantiated map: base remains estimate-only. | Ordered harmony studied; candidate correspondence and independent landmarks not established.
taylor-swift-shake-it-off,True,estimate-only-unresolved,0,True,2,False,True,,No substantiated map: base remains estimate-only. | Ordered harmony studied; candidate correspondence and independent landmarks not established.
taylor-swift-we-are-never-getting-back-together,True,estimate-only-unresolved,0,True,0,False,False,,No substantiated map: base remains estimate-only.
the-beatles-blackbird,True,estimate-only-unresolved,0,True,2,False,True,,No substantiated map: base remains estimate-only. | Ordered harmony studied; candidate correspondence and independent landmarks not established.
the-beatles-help,True,mapped-partial,5,True,1,False,False,,Only part of numeric extent is named; unresolved intervals remain estimated.
the-beatles-let-it-be,True,mapped-partial,1,True,1,False,True,,Only part of numeric extent is named; unresolved intervals remain estimated.
the-beatles-yesterday,True,estimate-only-unresolved,0,True,2,False,True,,No substantiated map: base remains estimate-only. | Ordered harmony studied; candidate correspondence and independent landmarks not established.
the-black-pearl,True,estimate-only-unresolved,0,True,0,False,False,,No substantiated map: base remains estimate-only.
the-blood-ritual-and-moonlight-serenade,True,estimate-only-unresolved,0,True,0,False,False,,No substantiated map: base remains estimate-only.
the-daydream-tears,True,estimate-only-unresolved,0,True,0,False,False,,No substantiated map: base remains estimate-only.
the-office-opening-theme,True,estimate-only-unresolved,0,True,0,False,False,,No substantiated map: base remains estimate-only.
the-pink-pather-theme,True,estimate-only-unresolved,0,True,0,False,False,,No substantiated map: base remains estimate-only.
the-police-every-breath-you-take,True,mapped-partial,1,True,2,False,True,,Only part of numeric extent is named; unresolved intervals remain estimated.
the-theorist-elton-john-your-song-piano-cover-jz6ugvghbt8,True,estimate-only-unresolved,0,True,2,False,True,,No substantiated map: base remains estimate-only. | Ordered harmony studied; candidate correspondence and independent landmarks not established.
the-weeknd-blinding-lights,True,estimate-only-unresolved,0,True,2,False,True,,No substantiated map: base remains estimate-only. | Ordered harmony studied; candidate correspondence and independent landmarks not established.
ti-amo,True,estimate-only-unresolved,0,True,0,False,False,,No substantiated map: base remains estimate-only.
time-zimmer,True,estimate-only-unresolved,0,True,0,False,False,,No substantiated map: base remains estimate-only.
titanic,True,estimate-only-unresolved,0,True,0,False,False,,No substantiated map: base remains estimate-only.
titanium,True,estimate-only-unresolved,0,True,2,False,True,,No substantiated map: base remains estimate-only. | Ordered harmony studied; candidate correspondence and independent landmarks not established.
top-piano-tutorials-we-are-charlie-kirk-spalexma-piano-tutorial-mslzw71l,True,estimate-only-unresolved,0,False,1,False,True,,No substantiated map: base remains estimate-only. | No exact original-source byte match found in inspected retained source/audio paths. | Ordered harmony studied; candidate correspondence and independent landmarks not established.
traitor-olivia-rodrigo,True,estimate-only-unresolved,0,True,2,False,True,,No substantiated map: base remains estimate-only. | Ordered harmony studied; candidate correspondence and independent landmarks not established.
trentorial-piano-nothing-more-if-it-doesn-t-hurt-piano-tutorial-msm00oe8,True,estimate-only-unresolved,0,False,1,False,True,,No substantiated map: base remains estimate-only. | No exact original-source byte match found in inspected retained source/audio paths. | Ordered harmony studied; candidate correspondence and independent landmarks not established.
trevor-daniel-falling,True,estimate-only-unresolved,0,True,2,False,True,,No substantiated map: base remains estimate-only. | Ordered harmony studied; candidate correspondence and independent landmarks not established.
turret-opera-satb,True,estimate-only-unresolved,0,True,0,False,False,,No substantiated map: base remains estimate-only.
unravel-animenz-toyko-ghoul,True,estimate-only-unresolved,0,True,0,False,False,,No substantiated map: base remains estimate-only.
up-is-down,True,estimate-only-unresolved,0,True,0,False,False,,No substantiated map: base remains estimate-only.
upload-6a8465df27255e36c8f7f5e8b4bb3a4492d441fb32deb4349448325b7fbc80db,True,estimate-only-unresolved,0,True,2,False,True,,No substantiated map: base remains estimate-only. | Ordered harmony studied; candidate correspondence and independent landmarks not established.
upload-b7329e3480695f790dd0e8f64fdb8d86043012023d8f2083ca23649c14a15caa,True,estimate-only-unresolved,0,True,2,False,True,,No substantiated map: base remains estimate-only. | Ordered harmony studied; candidate correspondence and independent landmarks not established.
upload-b94b9435e6fe9ea7ef9ec8b44f50352075308f35e3e43b20f0be1d71a6856d31,True,estimate-only-unresolved,0,True,2,False,True,,No substantiated map: base remains estimate-only. | Ordered harmony studied; candidate correspondence and independent landmarks not established.
upload-cdbec8b732640ad1305c746a918678b7bcbc521a9d9c1488a0ff02f959294b9b,True,estimate-only-unresolved,0,True,2,False,True,,No substantiated map: base remains estimate-only. | Ordered harmony studied; candidate correspondence and independent landmarks not established.
vanilla-ice-ice-ice-baby,True,estimate-only-unresolved,0,True,2,False,True,,No substantiated map: base remains estimate-only. | Ordered harmony studied; candidate correspondence and independent landmarks not established.
vkgoeswild-piano-cover-foo-fighters-my-hero-mslwsk3x,True,estimate-only-unresolved,0,False,2,False,True,,No substantiated map: base remains estimate-only. | No exact original-source byte match found in inspected retained source/audio paths. | Ordered harmony studied; candidate correspondence and independent landmarks not established.
voletarium-countdown,True,estimate-only-unresolved,0,True,0,False,False,,No substantiated map: base remains estimate-only.
w-h-doane-near-the-cross,True,mapped-partial,2,True,0,True,False,,Only part of numeric extent is named; unresolved intervals remain estimated.
what-falling-in-love-feels-like-jake25-17-fanmade-extended-v,True,estimate-only-unresolved,0,True,0,False,False,,No substantiated map: base remains estimate-only.
what-was-i-made-for-billie-eilish,True,estimate-only-unresolved,0,True,0,False,False,,No substantiated map: base remains estimate-only.
yann-tiersen-comptine-dun-autre-ete,True,estimate-only-unresolved,0,True,0,False,False,,No substantiated map: base remains estimate-only.
zedd-ft-foxes-clarity,True,estimate-only-unresolved,0,True,2,False,True,,No substantiated map: base remains estimate-only. | Ordered harmony studied; candidate correspondence and independent landmarks not established.
zelda-ocarina-of-time-gerudo-valley,True,estimate-only-unresolved,0,True,0,False,False,,No substantiated map: base remains estimate-only.
zelda-ocarina-of-time-goron-city,True,estimate-only-unresolved,0,True,0,False,False,,No substantiated map: base remains estimate-only.
zelda-ocarina-of-time-hyrule-field,True,estimate-only-unresolved,0,True,0,False,False,,No substantiated map: base remains estimate-only.
zelda-ocarina-of-time-inside-the-deku-tree,True,estimate-only-unresolved,0,True,0,False,False,,No substantiated map: base remains estimate-only.
zelda-ocarina-of-time-kaepora-gaebora,True,estimate-only-unresolved,0,True,0,False,False,,No substantiated map: base remains estimate-only.
zelda-ocarina-of-time-kakariko-village,True,estimate-only-unresolved,0,True,0,False,False,,No substantiated map: base remains estimate-only.
zelda-ocarina-of-time-kokiri-forest,True,estimate-only-unresolved,0,True,0,False,False,,No substantiated map: base remains estimate-only.
zelda-ocarina-of-time-kotake-and-koume,True,estimate-only-unresolved,0,True,0,False,False,,No substantiated map: base remains estimate-only.
zelda-ocarina-of-time-lon-lon-ranch,True,estimate-only-unresolved,0,True,0,False,False,,No substantiated map: base remains estimate-only.
zelda-ocarina-of-time-lost-woods,True,estimate-only-unresolved,0,True,0,False,False,,No substantiated map: base remains estimate-only.
zelda-ocarina-of-time-market,True,estimate-only-unresolved,0,True,0,False,False,,No substantiated map: base remains estimate-only.
zelda-ocarina-of-time-opening-title,True,estimate-only-unresolved,0,True,0,False,False,,No substantiated map: base remains estimate-only.
zelda-ocarina-of-time-shop,True,estimate-only-unresolved,0,True,0,False,False,,No substantiated map: base remains estimate-only.
zelda-ocarina-of-time-spirit-temple,True,estimate-only-unresolved,0,True,0,False,False,,No substantiated map: base remains estimate-only.
zelda-ocarina-of-time-temple-of-time,True,estimate-only-unresolved,0,True,0,False,False,,No substantiated map: base remains estimate-only.
zelda-ocarina-of-time-zeldas-lullaby,True,estimate-only-unresolved,0,True,0,False,False,,No substantiated map: base remains estimate-only.
zelda-ocarina-of-time-zoras-domain,True,estimate-only-unresolved,0,True,0,False,False,,No substantiated map: base remains estimate-only.
